sector_code,naics_title,ef_with_margins
32,Cement Manufacturing,3.924
11,Beef Cattle Ranching and Farming,2.893
48,All Other Pipeline Transportation,1.619
31,Animal (except Poultry) Slaughtering,1.12
33,Alumina Refining and Primary Aluminum Production,1.018
56,All Other Miscellaneous Waste Management Services,0.988
21,Anthracite Mining,0.841
22,Sewage Treatment Facilities,0.578
49,Couriers and Express Delivery Services,0.303
23,Oil and Gas Pipeline and Related Structures Construction,0.277
72,Limited-Service Restaurants,0.255
53,Lessors of Miniwarehouses and Self-Storage Units,0.246
71,All Other Amusement and Recreation Industries,0.235
52,Health and Welfare Funds,0.218
62,Community Food Services,0.217
44,All Other Specialty Food Stores,0.186
61,Elementary and Secondary Schools,0.186
45,All Other General Merchandise Stores,0.164
42,Confectionery Merchant Wholesalers,0.159
81,Coin-Operated Laundries and Drycleaners,0.158
54,Research and Development in Biotechnology (except Nanobiotechnology),0.156
51,All Other Publishers,0.108
55,"Corporate, Subsidiary, and Regional Managing Offices",0.084
